empleado_salario,empleado_numero_telefonico,empleado_nombre,empleado_identidad,empleado_id,empleado_direccion
25277608,68890987,Heather Thomas,342243026816441,5ad06d58-33f8-4866-aee3-293ca91c81cf,"2009 Payne Overpass Apt. 178
North Bethstad, AZ 19238"
43488627,78220533,Tammy Huber,669937824622135,c5ceb134-b005-4de9-9c9b-1905bad9ba79,"1688 Gary Parkways Apt. 983
Jeremystad, DC 68864"
64108530,67347676,Patrick Johnson,452230995579141,bf9702b4-9ef4-4788-a6a3-38dc5bf4cb81,"4121 Jose Haven
Brandonport, VI 19827"
10349950,79486534,Katherine Turner,355113013835054,421ddc5f-f145-49df-9afe-6a5065fc64fe,"4352 Thomas Ports Apt. 314
Port Pamela, SD 54408"
59308287,47094030,Scott Dickerson,274103117455110,b0041851-e874-445f-a377-55a6a4ca9381,"8007 Jeremy Plaza Apt. 549
West Garyfort, NC 01462"
19182764,44871165,Kari Maynard,124961344112607,c0884d2e-8926-48cd-979f-2ca462264efb,"Unit 6487 Box 6961
DPO AE 42879"
81095816,60231420,Peter Hooper,631807204992659,ad79cdbc-b46f-40ac-84cc-f377d0bb7a98,"17220 Christensen Drive Suite 843
Maysside, RI 98064"
79760292,73517664,Christopher Moore,901846225814681,33df2c1c-63d9-41c1-9261-e27e6b0e2ac5,"7239 Rodgers Locks
Lake Mary, MP 59819"
45276829,90351036,Brian Jackson,294197020269561,5a92934a-0b51-4c87-a7a5-61d2630d9648,"3755 Ayala Parkway
Angelaville, GA 90476"
38612305,58658235,Jeffrey Vargas,693674304642687,81cdd5b5-f0a3-412a-844c-b8db0ce1459b,"346 John Lake Suite 390
West Brandonstad, MI 20954"
17869937,61766589,Christopher Hensley,643134701139756,712076a0-87d5-4f31-b613-5d168b47dbb8,"30540 Martin Points
Blairmouth, ID 04452"
22280586,56982546,Mark Grant,101033439039290,d82c39d3-2737-4af9-84e6-e19503cca0d4,"301 Wheeler Trail
North Vickistad, KS 14697"
98635424,63087950,Christian Allen,355810884511934,26fd9803-7904-4d18-91b3-23ff5b4ce34f,"120 Ronald Radial Suite 859
Michaelshire, NY 18319"
20672083,67044927,Amy Snyder,568289262085663,6360a32a-954b-417c-a564-042d886a432d,"PSC 4700, Box 0844
APO AP 24656"
94797303,07330688,Eric Jones,673068191160166,a072483e-6b22-4705-84c9-5187f5e93e2a,"367 Villa Common
East Donaldtown, IA 08435"
93038036,98635627,Angela Brock,449868924340092,a56234cb-7266-4ae4-92fe-4236ddd0d8a7,"Unit 7304 Box 9100
DPO AE 74149"
79968671,51457180,Luis Cruz,741799663291200,03f59754-eabd-4752-b6f4-2acf0a80c9d9,"972 Berg Key Apt. 471
North Davidmouth, NH 50719"
28335411,58483918,Wayne Lawson,714442469028136,8a42f677-040d-4495-9177-17d820ed60ab,"4254 Armstrong Union Suite 209
New Michael, MA 63780"
66624049,84190163,James Moore,154019996485778,78d3ec3d-3422-490f-92ef-df2d5fc6f18f,"072 Douglas Lights
Port Jennifer, AK 65587"
36877848,10934774,Thomas Johnson,157266792502025,d81ec0bb-65fd-497e-9ead-deeda69e6daf,"945 Brian Garden Apt. 641
Josephfort, MA 41092"
22779981,39990523,Troy Moran,48085853153003,d2281625-d4c5-451a-bacc-c211ae0e2463,"2637 Salazar Springs
Curtisberg, PR 48446"
12654450,17946950,Gary Gonzalez,998467660433950,8b7eacaf-bc43-4a66-bde5-9933015cf27a,"473 Diaz Mall
Ginahaven, CT 53271"
87088856,19637855,Ashley Taylor,83204166805274,42a3f051-832b-4d2a-a7ee-5233c018de7e,"949 Craig Pike Apt. 167
Hodgeland, HI 46865"
392247,85903957,Joanna Sloan,212218231363614,f282c827-212d-41f8-ac38-a145749973d8,"1804 Campos Neck
Michaelchester, ND 49675"
59880290,13893264,Thomas Lynn,214734929214312,9c4b44c6-5cb6-43ed-be36-1fa90189a16d,"26694 Beth Shoals Apt. 988
Lake Sarah, IN 76996"
81670402,83794027,Jimmy Jones,47792132330882,a1f35f0d-4bfe-4b5b-9ac8-e472bc8a2df0,"93407 Miller Spur
East Maria, WY 57390"
51954933,53066383,Kelly Lee,980343987121512,0748e648-fd57-4f24-89a8-9f3b3feadf33,"19816 Patricia Extensions Suite 880
Stephaniemouth, KS 43725"
99633804,93514548,Amber Campbell,475789272089492,509ae619-24c2-4fe0-8e65-370cf9228540,"405 Jackson Springs
Onealberg, MH 97850"
30648834,25790946,Peter Ramos,516075068767221,17511661-44f5-4875-8eff-84954aa34d77,"USNV King
FPO AA 19913"
10573842,36838450,Rebecca Christian,642937044413293,e280fbde-5c4d-4c46-a76a-f4d459256c3f,"50906 Lisa Ramp
Port Daniel, GU 18080"
