usuario_nombre,create_at,usuario_apellido,modify_at,usuario_correo,usuario_password,usuario_id
nombre0,2023-07-01 13:37:11.532946,apellido0,2023-07-01 13:37:11.532946,correo0,password0,usuarios0
nombre1,2023-07-01 13:37:11.533946,apellido1,2023-07-01 13:37:11.533946,correo1,password1,usuarios1
nombre2,2023-07-01 13:37:11.534946,apellido2,2023-07-01 13:37:11.534946,correo2,password2,usuarios2
nombre3,2023-07-01 13:37:11.535946,apellido3,2023-07-01 13:37:11.535946,correo3,password3,usuarios3
nombre4,2023-07-01 13:37:11.536946,apellido4,2023-07-01 13:37:11.536946,correo4,password4,usuarios4
nombre5,2023-07-01 13:37:11.537945,apellido5,2023-07-01 13:37:11.537945,correo5,password5,usuarios5
nombre6,2023-07-01 13:37:11.538946,apellido6,2023-07-01 13:37:11.538946,correo6,password6,usuarios6
nombre7,2023-07-01 13:37:11.539946,apellido7,2023-07-01 13:37:11.539946,correo7,password7,usuarios7
nombre8,2023-07-01 13:37:11.539946,apellido8,2023-07-01 13:37:11.539946,correo8,password8,usuarios8
nombre9,2023-07-01 13:37:11.540946,apellido9,2023-07-01 13:37:11.540946,correo9,password9,usuarios9
nombre10,2023-07-01 13:37:56.526998,apellido10,2023-07-01 13:37:56.526998,correo10,password10,usuarios10
nombre11,2023-07-01 13:37:56.527959,apellido11,2023-07-01 13:37:56.527959,correo11,password11,usuarios11
nombre12,2023-07-01 13:37:56.528998,apellido12,2023-07-01 13:37:56.528998,correo12,password12,usuarios12
nombre13,2023-07-01 13:37:56.530000,apellido13,2023-07-01 13:37:56.530000,correo13,password13,usuarios13
nombre14,2023-07-01 13:37:56.530998,apellido14,2023-07-01 13:37:56.530998,correo14,password14,usuarios14
nombre15,2023-07-01 13:37:56.532000,apellido15,2023-07-01 13:37:56.532000,correo15,password15,usuarios15
nombre16,2023-07-01 13:37:56.532998,apellido16,2023-07-01 13:37:56.532998,correo16,password16,usuarios16
nombre17,2023-07-01 13:37:56.532998,apellido17,2023-07-01 13:37:56.532998,correo17,password17,usuarios17
nombre18,2023-07-01 13:37:56.533998,apellido18,2023-07-01 13:37:56.533998,correo18,password18,usuarios18
nombre19,2023-07-01 13:37:56.534997,apellido19,2023-07-01 13:37:56.534997,correo19,password19,usuarios19
nombre20,2023-07-01 13:39:34.213082,apellido20,2023-07-01 13:39:34.213082,correo20,password20,usuarios20
nombre21,2023-07-01 13:39:34.214089,apellido21,2023-07-01 13:39:34.214089,correo21,password21,usuarios21
nombre22,2023-07-01 13:39:34.215115,apellido22,2023-07-01 13:39:34.215115,correo22,password22,usuarios22
nombre23,2023-07-01 13:39:34.215115,apellido23,2023-07-01 13:39:34.215115,correo23,password23,usuarios23
nombre24,2023-07-01 13:39:34.216114,apellido24,2023-07-01 13:39:34.216114,correo24,password24,usuarios24
nombre25,2023-07-01 13:39:34.217124,apellido25,2023-07-01 13:39:34.217124,correo25,password25,usuarios25
nombre26,2023-07-01 13:39:34.218074,apellido26,2023-07-01 13:39:34.218074,correo26,password26,usuarios26
nombre27,2023-07-01 13:39:34.219104,apellido27,2023-07-01 13:39:34.219104,correo27,password27,usuarios27
nombre28,2023-07-01 13:39:34.220104,apellido28,2023-07-01 13:39:34.220104,correo28,password28,usuarios28
nombre29,2023-07-01 13:39:34.221109,apellido29,2023-07-01 13:39:34.221109,correo29,password29,usuarios29
nombre30,2023-07-02 16:24:28.276899,apellido30,2023-07-02 16:24:28.276899,correo30,password30,usuarios30
nombre31,2023-07-02 16:24:28.277819,apellido31,2023-07-02 16:24:28.277819,correo31,password31,usuarios31
nombre32,2023-07-02 16:24:28.279273,apellido32,2023-07-02 16:24:28.279273,correo32,password32,usuarios32
nombre33,2023-07-02 16:24:28.279273,apellido33,2023-07-02 16:24:28.279273,correo33,password33,usuarios33
nombre34,2023-07-02 16:24:28.280317,apellido34,2023-07-02 16:24:28.280317,correo34,password34,usuarios34
nombre35,2023-07-02 16:24:28.281314,apellido35,2023-07-02 16:24:28.281314,correo35,password35,usuarios35
nombre36,2023-07-02 16:24:28.282316,apellido36,2023-07-02 16:24:28.282316,correo36,password36,usuarios36
nombre37,2023-07-02 16:24:28.283315,apellido37,2023-07-02 16:24:28.283315,correo37,password37,usuarios37
nombre38,2023-07-02 16:24:28.283315,apellido38,2023-07-02 16:24:28.283315,correo38,password38,usuarios38
nombre39,2023-07-02 16:24:28.284316,apellido39,2023-07-02 16:24:28.284316,correo39,password39,usuarios39
